{
  "id": "1513156",
  "name": "vue项目",
  "font_family": "iconfont",
  "css_prefix_text": "icon-",
  "description": "",
  "glyphs": [
    {
      "icon_id": "386373",
      "name": "搜索",
      "font_class": "sousuo",
      "unicode": "e6ae",
      "unicode_decimal": 59054
    },
    {
      "icon_id": "11372677",
      "name": "男",
      "font_class": "nan",
      "unicode": "e8b3",
      "unicode_decimal": 59571
    },
    {
      "icon_id": "11372678",
      "name": "女",
      "font_class": "nv",
      "unicode": "e8b4",
      "unicode_decimal": 59572
    },
    {
      "icon_id": "508247",
      "name": "箭头",
      "font_class": "jiantou",
      "unicode": "e60c",
      "unicode_decimal": 58892
    },
    {
      "icon_id": "5876884",
      "name": "箭头",
      "font_class": "biaoqing",
      "unicode": "e609",
      "unicode_decimal": 58889
    },
    {
      "icon_id": "840782",
      "name": "小米",
      "font_class": "xiaomi",
      "unicode": "e661",
      "unicode_decimal": 58977
    },
    {
      "icon_id": "1220300",
      "name": "用户",
      "font_class": "yonghu",
      "unicode": "e607",
      "unicode_decimal": 58887
    }
  ]
}
